0,1AS,-,1511356851799
1,1BS,-,1511356855697
2,1AS,-,1511356855808
3,1BS,-,1511356864913
4,1AS,-,1511356866635
5,1BS,-,1511356882775
6,1AS,-,1511356892312
2,1AF,https://query.wikidata.org/#SELECT%20%3Fplay%20%3FplayLabel%20WHERE%20%7B%0A%20%20SERVICE%20wikibase%3Alabel%20%7B%20bd%3AserviceParam%20wikibase%3Alanguage%20%22%5BAUTO_LANGUAGE%5D%2Cen%22.%20%7D%0A%20%20%3Fplay%20wdt%3AP31%20wd%3AQ25379.%0A%7D%0ALIMIT%20100,1511356926101
2,2AS,-,1511356930599
7,1BS,-,1511356942678
7,1BF,,1511356954729
1,1BF,http://facet.dcc.uchile.cl/grafa/search?lang=es&keyword=&instance=Q25379,1511356958318
7,2BS,-,1511356958911
1,2BS,-,1511356969418
8,1AS,-,1511356971654
4,1AF,https://query.wikidata.org/#SELECT %3Fobra_de_teatro %3Fobra_de_teatroLabel WHERE {%0A SERVICE wikibase%3Alabel { bd%3AserviceParam wikibase%3Alanguage [AUTO_LANGUAGE]%2Cen\. }%0A %3Fobra_de_teatro wdt%3AP31 wd%3AQ25379.%0A}%0ALIMIT 100,1511356987487
4,2AS,-,1511356992483
6,1AF,https://query.wikidata.org/#SELECT%20%3Fobra_de_teatro%20%3Fobra_de_teatroLabel%20WHERE%20%7B%0A%20%20SERVICE%20wikibase%3Alabel%20%7B%20bd%3AserviceParam%20wikibase%3Alanguage%20%22%5BAUTO_LANGUAGE%5D%2Cen%22.%20%7D%0A%20%20%3Fobra_de_teatro%20wdt%3AP31%20wd%3AQ25379.%0A%7D%0ALIMIT%20100,1511356995369
6,2AS,-,1511357003085
5,1BF,http://facet.dcc.uchile.cl/grafa/search?keyword=Obras+de+teatro&instance=,1511357017617
0,1AF,https://query.wikidata.org/#SELECT%20%3FO%0AWHERE%20%7B%0A%20%20%3FO%20wdt%3AP31%20wd%3AQ25379%20%20%0A%7D,1511357029966
3,1BF,http://facet.dcc.uchile.cl/grafa/search?lang=es&keyword=&instance=Q25379,1511357030530
0,2AS,-,1511357032909
5,2BS,-,1511357033942
3,2BS,-,1511357034003
2,2AF,http://facet.dcc.uchile.cl/grafa/search?lang=es&instance=Q23397&properties=P17%23%23Q1009,1511357044737
2,3AS,-,1511357046425
1,2BF,https://query.wikidata.org/#SELECT%20%3Flago%20%3FlagoLabel%20WHERE%20%7B%0A%20%20SERVICE%20wikibase%3Alabel%20%7B%20bd%3AserviceParam%20wikibase%3Alanguage%20%22%5BAUTO_LANGUAGE%5D%2Cen%22.%20%7D%0A%20%20%3Flago%20wdt%3AP31%20wd%3AQ23397.%0A%20%20%3Flago%20wdt%3AP17%20wd%3AQ1009.%0A%7D%0ALIMIT%20100,1511357063985
1,3BS,-,1511357072979
8,1AF,http://tinyurl.com/yaqfwyro,1511357088202
9,1BS,-,1511357090537
8,2AS,-,1511357090686
2,3AF,https://query.wikidata.org/#SELECT%20%3Ffaro%20%3FfaroLabel%20WHERE%20%7B%0A%20%20SERVICE%20wikibase%3Alabel%20%7B%20bd%3AserviceParam%20wikibase%3Alanguage%20%22%5BAUTO_LANGUAGE%5D%2Cen%22.%20%7D%0A%20%20%3Ffaro%20wdt%3AP31%20wd%3AQ39715.%0A%20%20%3Ffaro%20wdt%3AP17%20wd%3AQ20.%0A%7D%0ALIMIT%20100,1511357157096
2,4AS,-,1511357158872
1,3BF,,1511357164126
1,4BS,-,1511357166066
6,2AF,http://facet.dcc.uchile.cl/grafa/search?lang=es&instance=Q23397&properties=P17%23%23Q1009,1511357175603
6,3AS,-,1511357178251
1,4BF,https://query.wikidata.org/#SELECT%20%3Fpapa%20%3FpapaLabel%20WHERE%20%7B%0A%20%20SERVICE%20wikibase%3Alabel%20%7B%20bd%3AserviceParam%20wikibase%3Alanguage%20%22%5BAUTO_LANGUAGE%5D%2Cen%22.%20%7D%0A%20%20%3Fpapa%20wdt%3AP39%20wd%3AQ19546.%0A%7D%0ALIMIT%20100,1511357204802
1,5BS,-,1511357206201
5,2BF,https://query.wikidata.org/#SELECT%20%3FCamer_n%20%3FCamer_nLabel%20WHERE%20%7B%0A%20%20SERVICE%20wikibase%3Alabel%20%7B%20bd%3AserviceParam%20wikibase%3Alanguage%20%22%5BAUTO_LANGUAGE%5D%2Cen%22.%20%7D%0A%20%20%3FCamer_n%20wdt%3AP17%20wd%3AQ1009.%0A%20%20%3FCamer_n%20wdt%3AP31%20wd%3AQ23397.%0A%7D%0ALIMIT%20100,1511357222493
2,4AF,http://facet.dcc.uchile.cl/grafa/search?lang=es&keyword=&instance=Q16587531,1511357222662
2,5AS,-,1511357223773
6,3AF,https://query.wikidata.org/#SELECT%20%3Ffaro%20%3FfaroLabel%20WHERE%20%7B%0A%20%20SERVICE%20wikibase%3Alabel%20%7B%20bd%3AserviceParam%20wikibase%3Alanguage%20%22%5BAUTO_LANGUAGE%5D%2Cen%22.%20%7D%0A%20%20%3Ffaro%20wdt%3AP31%20wd%3AQ39715.%0A%20%20%3Ffaro%20wdt%3AP17%20wd%3AQ20.%0A%7D%0ALIMIT%20100,1511357224256
5,3BS,-,1511357225599
8,2AF,https://www.wikidata.org/wiki/Q125309,1511357227804
6,4AS,-,1511357230852
8,3AS,-,1511357233854
9,1BF,http://facet.dcc.uchile.cl/grafa/search?lang=es&keyword=&instance=Q25379,1511357291428
9,2BS,-,1511357300953
1,5BF,,1511357313031
1,6BS,-,1511357317539
4,2AF,http://facet.dcc.uchile.cl/grafa/search?lang=es&instance=Q23397&properties=P205%23%23Q1009&properties=&properties=&properties=&properties=,1511357330058
4,3AS,-,1511357333028
10,1AS,-,1511357337418
8,3AF,,1511357341862
8,4AS,-,1511357343425
9,2BF,https://query.wikidata.org/#SELECT%20%3Flago%20%3FlagoLabel%20WHERE%20%7B%0A%20%20SERVICE%20wikibase%3Alabel%20%7B%20bd%3AserviceParam%20wikibase%3Alanguage%20%22%5BAUTO_LANGUAGE%5D%2Cen%22.%20%7D%0A%20%20%3Flago%20wdt%3AP31%20wd%3AQ23397.%0A%20%20%3Flago%20wdt%3AP17%20wd%3AQ1009.%0A%7D%0ALIMIT%20100,1511357386940
9,3BS,-,1511357391367
2,5AF,https://query.wikidata.org/#SELECT%20%3Fmujer%20WHERE%20%7B%0A%20%20SERVICE%20wikibase%3Alabel%20%7B%20bd%3AserviceParam%20wikibase%3Alanguage%20%22%5BAUTO_LANGUAGE%5D%2Cen%22.%20%7D%0A%20%20%3Fmujer%20wdt%3AP31%20wd%3AQ467.%0A%20%20%3Fmujer%20wdt%3AP19%20wd%3AQ20.%0A%20%20%0A%7D%0ALIMIT%20100,1511357404631
3,2BF,,1511357405243
2,6AS,-,1511357405643
3,3BS,-,1511357406148
8,4AF,http://facet.dcc.uchile.cl/grafa/search?lang=es&keyword=papa&instance=,1511357427374
8,5AS,-,1511357428817
0,2AF,,1511357434422
0,3AS,-,1511357436172
1,6BF,,1511357464236
1,7BS,-,1511357467854
5,3BF,http://facet.dcc.uchile.cl/grafa/search?keyword=Faros+en+Noregua&instance=&properties=,1511357486384
2,6AF,http://facet.dcc.uchile.cl/grafa/search?lang=es&instance=Q13442814&properties=P921%23%23Q2013,1511357491367
5,4BS,-,1511357491650
2,7AS,-,1511357492603
9,3BF,http://facet.dcc.uchile.cl/grafa/search?lang=es&instance=Q843152&properties=P17%23%23Q20,1511357496410
9,4BS,-,1511357498784
6,4AF,,1511357503742
6,5AS,-,1511357506728
10,1AF,https://query.wikidata.org/#SELECT%20%3Fobra_de_teatro%20%3Fobra_de_teatroLabel%20WHERE%20%7B%0A%20%20SERVICE%20wikibase%3Alabel%20%7B%20bd%3AserviceParam%20wikibase%3Alanguage%20%22%5BAUTO_LANGUAGE%5D%2Cen%22.%20%7D%0A%20%20%0A%20%20%0A%20%20%3Fobra_de_teatro%20wdt%3AP31%20wd%3AQ25379.%0A%7D%0ALIMIT%20100,1511357524987
9,4BF,https://query.wikidata.org/#SELECT%20%3Flago%20%3FlagoLabel%20WHERE%20%7B%0A%20%20SERVICE%20wikibase%3Alabel%20%7B%20bd%3AserviceParam%20wikibase%3Alanguage%20%22%5BAUTO_LANGUAGE%5D%2Cen%22.%20%7D%0A%20%20%3Flago%20wdt%3AP31%20wd%3AQ23397.%0A%20%20%3Flago%20wdt%3AP17%20wd%3AQ1009.%0A%7D%0ALIMIT%20100,1511357528562
10,2AS,-,1511357529051
9,5BS,-,1511357530605
8,5AF,http://tinyurl.com/y9l7llk4,1511357551381
8,6AS,-,1511357553168
0,3AF,https://query.wikidata.org/#SELECT%20%3FO%20%3FOLabel%20WHERE%20%7B%0A%20%20%3FO%20wdt%3AP31%20wd%3AQ39715.%0A%20%20%3FO%20wdt%3AP17%20wd%3AQ20.%0A%7D,1511357553257
0,4AS,-,1511357554662
2,7AF,,1511357600094
2,8AS,-,1511357601473
1,7BF,http://facet.dcc.uchile.cl/grafa/search?lang=es&instance=Q21191270&properties=P179%23%23Q321423,1511357607314
1,8BS,-,1511357608537
8,6AF,http://facet.dcc.uchile.cl/grafa/search?lang=es&keyword=wikidata&instance=,1511357622200
8,7AS,-,1511357623556
3,3BF,http://facet.dcc.uchile.cl/grafa/search?lang=es&instance=Q843152&properties=&properties=&properties=&properties=P1855%23%23Q3378290&properties=P2302%23%23Q21503250,1511357664458
3,4BS,-,1511357665939
8,7AF,http://tinyurl.com/ybx9dorj,1511357671704
10,2AF,http://facet.dcc.uchile.cl/grafa/search?lang=es&instance=Q23397&properties=P17%23%23Q1009,1511357672866
8,8AS,-,1511357672969
10,3AS,-,1511357675972
5,4BF,https://query.wikidata.org/#SELECT%20%3FPapas%20%3FPapasLabel%20WHERE%20%7B%0A%20%20SERVICE%20wikibase%3Alabel%20%7B%20bd%3AserviceParam%20wikibase%3Alanguage%20%22%5BAUTO_LANGUAGE%5D%2Cen%22.%20%7D%0A%20%20%0A%20%20%0A%20%20%3FPapas%20wdt%3AP1889%20wd%3AQ2050567.%0A%7D%0ALIMIT%20100,1511357677650
5,5BS,-,1511357680406
2,8AF,http://facet.dcc.uchile.cl/grafa/search?lang=es&instance=Q95074&properties=P1080%23%23Q2050824,1511357688204
2,9AS,-,1511357689387
0,4AF,http://facet.dcc.uchile.cl/grafa/search?lang=es&instance=Q5&properties=P39%23%23Q19546,1511357690254
0,5AS,-,1511357691462
1,8BF,https://query.wikidata.org/#SELECT%20%3Fpersonaje_de_ficci_n%20%3Fpersonaje_de_ficci_nLabel%20WHERE%20%7B%0A%20%20SERVICE%20wikibase%3Alabel%20%7B%20bd%3AserviceParam%20wikibase%3Alanguage%20%22%5BAUTO_LANGUAGE%5D%2Cen%22.%20%7D%0A%20%20%3Fpersonaje_de_ficci_n%20wdt%3AP31%20wd%3AQ95074.%0A%20%20%3Fpersonaje_de_ficci_n%20wdt%3AP1080%20wd%3AQ931597.%0A%7D%0ALIMIT%20100,1511357692541
6,5AF,https://query.wikidata.org/#SELECT%20%3Fmujer%20%3FmujerLabel%20WHERE%20%7B%0A%20%20SERVICE%20wikibase%3Alabel%20%7B%20bd%3AserviceParam%20wikibase%3Alanguage%20%22%5BAUTO_LANGUAGE%5D%2Cen%22.%20%7D%0A%20%20%3Fmujer%20wdt%3AP21%20wd%3AQ6581072.%0A%20%20%3Fmujer%20wdt%3AP19%20wd%3AQ25.%0A%7D%0ALIMIT%20100,1511357693401
1,9BS,-,1511357694224
6,6AS,-,1511357695373
8,8AF,http://facet.dcc.uchile.cl/grafa/search?lang=es&keyword=marvel&instance=,1511357705913
8,9AS,-,1511357707115
10,3AF,https://query.wikidata.org/#SELECT%20%3Ffaro%20%3FfaroLabel%20WHERE%20%7B%0A%20%20SERVICE%20wikibase%3Alabel%20%7B%20bd%3AserviceParam%20wikibase%3Alanguage%20%22%5BAUTO_LANGUAGE%5D%2Cen%22.%20%7D%0A%20%20%3Ffaro%20wdt%3AP31%20wd%3AQ39715.%0A%20%20%3Ffaro%20wdt%3AP17%20wd%3AQ20.%0A%7D%0ALIMIT%20100,1511357725712
10,4AS,-,1511357727596
4,3AF,https://query.wikidata.org/#SELECT %3Fobra_de_teatro %3Fobra_de_teatroLabel WHERE {%0A SERVICE wikibase%3Alabel { bd%3AserviceParam wikibase%3Alanguage [AUTO_LANGUAGE]%2Cen. }%0A %3Fobra_de_teatro wdt%3AP31 wd%3AQ28517170.%0A %3Fobra_de_teatro wdt%3AP17 wd%3AQ20.%0A}%0ALIMIT 100,1511357737738
4,4AS,-,1511357742645
2,9AF,,1511357750995
2,10AS,-,1511357752156
9,5BF,,1511357778867
9,6BS,-,1511357780710
6,6AF,http://facet.dcc.uchile.cl/grafa/search?lang=es&instance=Q13442814&properties=P921%23%23Q2013,1511357801444
6,7AS,-,1511357803565
1,9BF,,1511357808277
1,10BS,-,1511357810022
2,10AF,,1511357815803
9,6BF,https://query.wikidata.org/#SELECT%20%3Fart_culo_cient_fico%20%3Fart_culo_cient_ficoLabel%20WHERE%20%7B%0A%20%20SERVICE%20wikibase%3Alabel%20%7B%20bd%3AserviceParam%20wikibase%3Alanguage%20%22%5BAUTO_LANGUAGE%5D%2Cen%22.%20%7D%0A%20%20%0A%20%20%3Fart_culo_cient_fico%20wdt%3AP31%20wd%3AQ13442814.%0A%20%20%3Fart_culo_cient_fico%20wdt%3AP921%20wd%3AQ2013.%0A%7D%0ALIMIT%20100,1511357835483
9,7BS,-,1511357837326
3,4BF,https://query.wikidata.org/#SELECT *%0AWHERE {%0A %3Fx <https%3A%2F%2Fwww.wikidata.org%2Fwiki%2FProperty%3AP39> <https%3A%2F%2Fwww.wikidata.org%2Fwiki%2FQ19546>.%0A },1511357858470
3,5BS,-,1511357859516
9,7BF,http://facet.dcc.uchile.cl/grafa/search?lang=es&instance=Q21191270&properties=P179%23%23Q321423,1511357876477
9,8BS,-,1511357878470
0,5AF,https://query.wikidata.org/#SELECT%20%3Finstancia_de%20%3Finstancia_deLabel%20WHERE%20%7B%0A%20%20SERVICE%20wikibase%3Alabel%20%7B%20bd%3AserviceParam%20wikibase%3Alanguage%20%22%5BAUTO_LANGUAGE%5D%2Cen%22.%20%7D%0A%20%20%3Finstancia_de%20wdt%3AP1269%20wd%3AQ467.%0A%20%20%3Finstancia_de%20wdt%3AP19%20wd%3AQ25.%0A%7D%0ALIMIT%20100,1511357887214
0,6AS,-,1511357888537
10,4AF,,1511357917236
10,5AS,-,1511357918613
8,9AF,,1511357921978
8,10AS,-,1511357923301
0,6AF,http://facet.dcc.uchile.cl/grafa/search?lang=es&instance=Q13442814&properties=P921%23%23Q2013,1511357935845
0,7AS,-,1511357937348
6,7AF,https://query.wikidata.org/#SELECT%20%3FLaw___Order%20%3FLaw___OrderLabel%20WHERE%20%7B%0A%20%20SERVICE%20wikibase%3Alabel%20%7B%20bd%3AserviceParam%20wikibase%3Alanguage%20%22%5BAUTO_LANGUAGE%5D%2Cen%22.%20%7D%0A%20%20%3FLaw___Order%20wdt%3AP179%20wd%3AQ321423.%0A%20%20%0A%20%20%3FLaw___Order%20wdt%3AP31%20wd%3AQ21191270.%0A%7D%0ALIMIT%20100,1511357949083
6,8AS,-,1511357951325
9,8BF,https://query.wikidata.org/#SELECT%20%3Fpersonaje_de_ficci_n%20%3Fpersonaje_de_ficci_nLabel%20WHERE%20%7B%0A%20%20SERVICE%20wikibase%3Alabel%20%7B%20bd%3AserviceParam%20wikibase%3Alanguage%20%22%5BAUTO_LANGUAGE%5D%2Cen%22.%20%7D%0A%20%20%0A%20%20%0A%20%20%0A%20%20%3Fpersonaje_de_ficci_n%20wdt%3AP31%20wd%3AQ95074.%0A%20%20%0A%20%20%3Fpersonaje_de_ficci_n%20wdt%3AP1080%20wd%3AQ931597.%0A%7D%0ALIMIT%20100,1511357956750
9,9BS,-,1511357958070
1,10BF,https://query.wikidata.org/#SELECT%20%3FCulicidae%20%3FCulicidaeLabel%20WHERE%20%7B%0A%20%20SERVICE%20wikibase%3Alabel%20%7B%20bd%3AserviceParam%20wikibase%3Alanguage%20%22%5BAUTO_LANGUAGE%5D%2Cen%22.%20%7D%0A%20%20%3FCulicidae%20wdt%3AP171%20wd%3AQ7367.%0A%7D%0ALIMIT%20100,1511357968238
4,4AF,http://facet.dcc.uchile.cl/grafa/search?instance=Q5&properties=P106%23%23Q740369,1511357971252
4,5AS,-,1511357972461
3,5BF,,1511358017059
3,6BS,-,1511358018013
5,5BF,http://facet.dcc.uchile.cl/grafa/search?keyword=Mujeres+nacidas+en+Gales&instance=,1511358045749
5,6BS,-,1511358047252
0,7AF,https://query.wikidata.org/#SELECT%20%3Finstance_of%20%3Finstance_ofLabel%20WHERE%20%7B%0A%20%20SERVICE%20wikibase%3Alabel%20%7B%20bd%3AserviceParam%20wikibase%3Alanguage%20%22%5BAUTO_LANGUAGE%5D%2Cen%22.%20%7D%0A%20%20%3Finstance_of%20wdt%3AP31%20wd%3AQ21191270.%0A%20%20%3Finstance_of%20wdt%3AP179%20wd%3AQ321423.%0A%7D%0ALIMIT%20100,1511358098878
0,8AS,-,1511358099940
9,9BF,http://facet.dcc.uchile.cl/grafa/search?lang=es&instance=Q5&properties=P509%23%23Q170518,1511358112193
9,10BS,-,1511358116565
5,6BF,https://query.wikidata.org/#SELECT%20%3Fart_culo_cient_fico%20%3Fart_culo_cient_ficoLabel%20WHERE%20%7B%0A%20%20SERVICE%20wikibase%3Alabel%20%7B%20bd%3AserviceParam%20wikibase%3Alanguage%20%22%5BAUTO_LANGUAGE%5D%2Cen%22.%20%7D%0A%20%20%3Fart_culo_cient_fico%20wdt%3AP31%20wd%3AQ13442814.%0A%20%20%3Fart_culo_cient_fico%20wdt%3AP921%20wd%3AQ2013.%0A%7D%0ALIMIT%20100,1511358133376
5,7BS,-,1511358135171
11,1BS,-,1511358139535
3,6BF,https://query.wikidata.org/#SELECT %3Fart_culo_cient_fico %3Fart_culo_cient_ficoLabel WHERE {%0A SERVICE wikibase%3Alabel { bd%3AserviceParam wikibase%3Alanguage [AUTO_LANGUAGE]%2Cen. }%0A %3Fart_culo_cient_fico wdt%3AP31 wd%3AQ13442814.%0A %0A %3Fart_culo_cient_fico wdt%3AP921 wd%3AQ2013.%0A}%0ALIMIT 100,1511358152148
3,7BS,-,1511358153651
10,5AF,https://query.wikidata.org/#SELECT%20%3Fmujer%20%3FmujerLabel%20WHERE%20%7B%0A%20%20SERVICE%20wikibase%3Alabel%20%7B%20bd%3AserviceParam%20wikibase%3Alanguage%20%22%5BAUTO_LANGUAGE%5D%2Cen%22.%20%7D%0A%20%20%0A%20%20%0A%20%20%0A%20%20%0A%20%20%0A%20%20%3Fmujer%20wdt%3AP180%20wd%3AQ467.%0A%20%20%3Fmujer%20wdt%3AP495%20wd%3AQ25.%0A%7D%0ALIMIT%20100,1511358174655
10,6AS,-,1511358176302
4,5AF,https://query.wikidata.org/#SELECT %3Fobra_de_teatro %3Fobra_de_teatroLabel WHERE {%0A SERVICE wikibase%3Alabel { bd%3AserviceParam wikibase%3Alanguage [AUTO_LANGUAGE]%2Cen. }%0A %3Fobra_de_teatro wdt%3AP31 wd%3AQ5.%0A %3Fobra_de_teatro wdt%3AP19 wd%3AQ25.%0A %3Fobra_de_teatro wdt%3AP21 wd%3AQ467.%0A}%0ALIMIT 100,1511358178680
4,6AS,-,1511358180607
11,1BF,http://facet.dcc.uchile.cl/grafa/search?lang=es&keyword=&instance=Q25379,1511358188752
6,8AF,http://facet.dcc.uchile.cl/grafa/search?lang=es&instance=Q95074&properties=P1080%23%23Q931597&properties=,1511358194330
11,2BS,-,1511358194468
6,9AS,-,1511358197126
8,10AF,http://facet.dcc.uchile.cl/grafa/search?lang=es&keyword=mosquito&instance=,1511358206014
9,10BF,https://query.wikidata.org/#SELECT%20%3FCulicidae%20WHERE%20%7B%0A%20%20SERVICE%20wikibase%3Alabel%20%7B%20bd%3AserviceParam%20wikibase%3Alanguage%20%22%5BAUTO_LANGUAGE%5D%2Cen%22.%20%7D%0A%20%20%0A%20%20%0A%20%20%3FCulicidae%20wdt%3AP171%20wd%3AQ7367.%0A%20%20%0A%7D%0ALIMIT%20100,1511358256928
4,6AF,http://facet.dcc.uchile.cl/grafa/search?instance=Q13442814&properties=P921%23%23Q2013,1511358256947
4,7AS,-,1511358258542
3,7BF,,1511358279251
3,8BS,-,1511358280236
5,7BF,http://facet.dcc.uchile.cl/grafa/search?keyword=Law+%26+Order&lang=es&instance=,1511358334834
5,8BS,-,1511358336624
10,6AF,http://facet.dcc.uchile.cl/grafa/search?lang=es&instance=Q13442814&properties=P921%23%23Q2013,1511358336752
10,7AS,-,1511358338347
11,2BF,https://query.wikidata.org/#SELECT%20%3FCameroon%20%3FCameroonLabel%20WHERE%20%7B%0A%20%20SERVICE%20wikibase%3Alabel%20%7B%20bd%3AserviceParam%20wikibase%3Alanguage%20%22%5BAUTO_LANGUAGE%5D%2Cen%22.%20%7D%0A%20%20%3FCameroon%20wdt%3AP17%20wd%3AQ1009.%0A%20%20%3FCameroon%20wdt%3AP31%20wd%3AQ23397.%0A%7D%0ALIMIT%20100,1511358346198
11,3BS,-,1511358348488
3,8BF,https://query.wikidata.org/#SELECT %3Fpersonaje_de_ficci_n %3Fpersonaje_de_ficci_nLabel WHERE {%0A SERVICE wikibase%3Alabel { bd%3AserviceParam wikibase%3Alanguage [AUTO_LANGUAGE]%2Cen. }%0A %3Fpersonaje_de_ficci_n wdt%3AP31 wd%3AQ95074.%0A OPTIONAL { }%0A %3Fpersonaje_de_ficci_n wdt%3AP1080 wd%3AQ931597.%0A}%0ALIMIT 100,1511358352053
3,9BS,-,1511358353003
5,8BF,https://query.wikidata.org/#SELECT%20%3FUniverso_Marvel%20%3FUniverso_MarvelLabel%20WHERE%20%7B%0A%20%20SERVICE%20wikibase%3Alabel%20%7B%20bd%3AserviceParam%20wikibase%3Alanguage%20%22%5BAUTO_LANGUAGE%5D%2Cen%22.%20%7D%0A%20%20%3FUniverso_Marvel%20wdt%3AP1080%20wd%3AQ931597.%0A%20%20%3FUniverso_Marvel%20wdt%3AP31%20wd%3AQ95074.%0A%7D%0ALIMIT%20100,1511358419609
5,9BS,-,1511358420909
6,9AF,https://query.wikidata.org/#SELECT%20%3Fpersona%20%3FpersonaLabel%20WHERE%20%7B%0A%20%20SERVICE%20wikibase%3Alabel%20%7B%20bd%3AserviceParam%20wikibase%3Alanguage%20%22%5BAUTO_LANGUAGE%5D%2Cen%22.%20%7D%0A%20%20%0A%20%20%3Fpersona%20wdt%3AP509%20wd%3AQ170518.%0A%20%20%3Fpersona%20wdt%3AP360%20wd%3AQ5.%0A%7D%0ALIMIT%20100,1511358448468
12,1AS,-,1511358449473
6,10AS,-,1511358450919
3,9BF,,1511358450953
3,10BS,-,1511358451892
0,8AF,,1511358459164
0,9AS,-,1511358460116
3,10BF,https://query.wikidata.org/#SELECT %3FCulicidae %3FCulicidaeLabel WHERE {%0A SERVICE wikibase%3Alabel { bd%3AserviceParam wikibase%3Alanguage [AUTO_LANGUAGE]%2Cen. }%0A %3FCulicidae wdt%3AP171 wd%3AQ7367.%0A}%0ALIMIT 100,1511358476413
10,7AF,https://query.wikidata.org/#SELECT%20%3Fepisodio%20%3FepisodioLabel%20WHERE%20%7B%0A%20%20SERVICE%20wikibase%3Alabel%20%7B%20bd%3AserviceParam%20wikibase%3Alanguage%20%22%5BAUTO_LANGUAGE%5D%2Cen%22.%20%7D%0A%20%20%0A%20%20%0A%20%20%0A%20%20%0A%20%20%0A%20%20%0A%20%20%0A%20%20%0A%20%20%0A%20%20%0A%20%20%3Fepisodio%20wdt%3AP179%20wd%3AQ321423.%0A%20%20%3Fepisodio%20wdt%3AP360%20wd%3AQ1983062.%0A%7D%0ALIMIT%20100,1511358488872
10,8AS,-,1511358490624
4,7AF,,1511358503797
4,8AS,-,1511358507608
11,3BF,http://facet.dcc.uchile.cl/grafa/search?keyword=Faro&lang=es&instance=&properties=P17%23%23Q20,1511358508218
11,4BS,-,1511358509788
11,4BF,https://query.wikidata.org/#SELECT%20%3Fpope%20%3FpopeLabel%20WHERE%20%7B%0A%20%20SERVICE%20wikibase%3Alabel%20%7B%20bd%3AserviceParam%20wikibase%3Alanguage%20%22%5BAUTO_LANGUAGE%5D%2Cen%22.%20%7D%0A%20%20%3Fpope%20wdt%3AP39%20wd%3AQ19546.%0A%7D%0ALIMIT%20100,1511358533364
11,5BS,-,1511358535734
4,8AF,personaje de ficci??n,1511358621426
12,1AF,http://tinyurl.com/ydh9f8kl,1511358622202
12,2AS,-,1511358623354
4,9AS,-,1511358647119
5,9BF,http://facet.dcc.uchile.cl/grafa/search?lang=es&keyword=Personas+que+murieron+quemadas+&instance=,1511358684324
5,10BS,-,1511358685943
0,9AF,https://query.wikidata.org/#SELECT%20%3Fhuman%20%3FhumanLabel%20WHERE%20%7B%0A%20%20SERVICE%20wikibase%3Alabel%20%7B%20bd%3AserviceParam%20wikibase%3Alanguage%20%22%5BAUTO_LANGUAGE%5D%2Cen%22.%20%7D%0A%20%20%3Fhuman%20wdt%3AP31%20wd%3AQ5.%0A%20%20%3Fhuman%20wdt%3AP509%20wd%3AQ3196.%0A%7D%0ALIMIT%20100,1511358688467
0,10AS,-,1511358689808
11,5BF,,1511358772727
11,6BS,-,1511358774351
6,10AF,,1511358790800
10,8AF,,1511358831445
10,9AS,-,1511358833137
11,6BF,https://query.wikidata.org/#SELECT%20%3Fpaper%20%3FpaperLabel%20WHERE%20%7B%0A%20%20SERVICE%20wikibase%3Alabel%20%7B%20bd%3AserviceParam%20wikibase%3Alanguage%20%22%5BAUTO_LANGUAGE%5D%2Cen%22.%20%7D%0A%20%20%0A%20%20%3Fpaper%20wdt%3AP921%20wd%3AQ2013.%0A%20%20%3Fpaper%20wdt%3AP31%20wd%3AQ13442814.%0A%7D%0ALIMIT%20100,1511358842497
11,7BS,-,1511358843867
5,10BF,https://query.wikidata.org/#SELECT%20%3Fmosquito%20%3FmosquitoLabel%20WHERE%20%7B%0A%20%20SERVICE%20wikibase%3Alabel%20%7B%20bd%3AserviceParam%20wikibase%3Alanguage%20%22%5BAUTO_LANGUAGE%5D%2Cen%22.%20%7D%0A%20%20%0A%20%20%0A%20%20%3Fmosquito%20wdt%3AP2959%20wd%3AQ4801985.%0A%20%20%3Fmosquito%20wdt%3AP910%20wd%3AQ8807846.%0A%7D%0ALIMIT%20100,1511358878959
11,7BF,http://facet.dcc.uchile.cl/grafa/search?keyword=law+%26+order&lang=en&instance=&properties=P31%23%23Q21191270&properties=P179%23%23Q321423,1511358903886
11,8BS,-,1511358905027
10,9AF,https://query.wikidata.org/#SELECT%20%3Fquemadura%20%3FquemaduraLabel%20WHERE%20%7B%0A%20%20SERVICE%20wikibase%3Alabel%20%7B%20bd%3AserviceParam%20wikibase%3Alanguage%20%22%5BAUTO_LANGUAGE%5D%2Cen%22.%20%7D%0A%20%20%0A%20%20%0A%20%20%0A%20%20%0A%20%20%0A%20%20%0A%20%20%0A%20%20%0A%20%20%0A%20%20%0A%20%20%0A%20%20%0A%20%20%3Fquemadura%20wdt%3AP509%20wd%3AQ170518.%0A%20%20%0A%20%20%0A%20%20%3Fquemadura%20wdt%3AP31%20wd%3AQ5.%0A%7D%0ALIMIT%20100,1511358978149
10,10AS,-,1511358980547
11,8BF,https://query.wikidata.org/#SELECT%20%3FMarvel_Comics%20%3FMarvel_ComicsLabel%20%3Fpersonajes%20%3FpersonajesLabel%20WHERE%20%7B%0A%20%20SERVICE%20wikibase%3Alabel%20%7B%20bd%3AserviceParam%20wikibase%3Alanguage%20%22%5BAUTO_LANGUAGE%5D%2Cen%22.%20%7D%0A%20%20%3FMarvel_Comics%20wdt%3AP1080%20wd%3AQ931597.%0A%20%20OPTIONAL%20%7B%20%3FMarvel_Comics%20wdt%3AP674%20%3Fpersonajes.%20%7D%0A%7D%0ALIMIT%20100,1511358983463
11,9BS,-,1511358985371
4,9AF,,1511359000879
4,10AS,-,1511359002506
4,10AF,,1511359003439
0,10AF,http://facet.dcc.uchile.cl/grafa/search?lang=es&instance=Q16521&properties=P171%23%23Q7367&properties=&properties=,1511359029709
10,10AF,,1511359214638
11,9BF,,1511359232807
11,10BS,-,1511359234445
11,10BF,https://query.wikidata.org/#SELECT%20%3FCulicidae%20%3FCulicidaeLabel%20WHERE%20%7B%0A%20%20SERVICE%20wikibase%3Alabel%20%7B%20bd%3AserviceParam%20wikibase%3Alanguage%20%22%5BAUTO_LANGUAGE%5D%2Cen%22.%20%7D%0A%20%20%0A%20%20OPTIONAL%20%7B%20%20%7D%0A%20%20%0A%20%20%0A%20%20%0A%20%20%3FCulicidae%20wdt%3AP171%20wd%3AQ7367.%0A%7D%0ALIMIT%20100,1511359412542
